name,nation,genre,director,actor,audits
악인전,한국,"['범죄', '액션']",['이원태'],"['마동석', '김무열', '김성규']",청소년관람불가
어벤져스: 엔드게임,미국,"['액션', 'SF']","['안소니 루소', '조 루소']","['로버트 다우니 주니어', '크리스 에반스', '마크 러팔로', '크리스 헴스워스', '스칼렛 요한슨', '제레미 레너', '돈 치들', '폴 러드', '브리 라슨', '카렌 길런', '브래들리 쿠퍼', '조슈 브롤린']",12세이상관람가
생일,한국,['드라마'],['이종언'],"['설경구', '전도연', '김보민', '윤찬영', '박종환', '성유빈', '탕준상', '신문성']",전체관람가
캡틴 마블,미국,"['액션', '어드벤처', 'SF']","['애너 보든', '라이언 플렉']","['브리 라슨', '사무엘 L. 잭슨', '벤 멘델슨', '주드 로']",12세이상관람가
돈,한국,['범죄'],['박누리'],"['류준열', '유지태', '조우진', '원진아']",15세이상관람가
샤잠!,미국,['액션'],['데이비드 F. 샌드버그'],"['제커리 리바이', '애셔 앤젤', '잭 딜런 그레이져', '마크 스트롱']",12세이상관람가
극한직업,한국,['코미디'],['이병헌'],"['류승룡', '이하늬', '진선규', '이동휘', '공명']",15세이상관람가
사바하,한국,"['미스터리', '스릴러']",['장재현'],"['이정재', '박정민', '이재인', '유지태', '정진영', '진선규', '이다윗', '배해선']",15세이상관람가
말모이,한국,['드라마'],['엄유나'],"['유해진', '윤계상', '김홍파', '우현', '김태훈', '김선영', '민진웅']",12세이상관람가
보헤미안 랩소디,미국,['드라마'],['브라이언 싱어'],"['라미 말렉', '조셉 마젤로', '마이크 마이어스', '루시 보인턴']",12세이상관람가
아쿠아맨,미국,['액션'],['제임스 완'],"['제이슨 모모아', '앰버 허드', '니콜 키드먼', '패트릭 윌슨', '윌렘 데포', '돌프 룬드그렌']",12세이상관람가
국가부도의 날,한국,['드라마'],['최국희'],"['김혜수', '유아인', '허준호', '조우진', '뱅상 카셀', '이원희', '이은주', '손민석', '손영진', '이하윤', '김진구', '박경관', '박재민', '박재영', '박정민', '권훈', '김기현', '최준영', '염혜란']",12세이상관람가
완벽한 타인,한국,"['드라마', '코미디']",['이재규'],"['유해진', '조진웅', '이서진', '염정아', '김지수', '송하윤', '윤경호', '지우', '정민규', '정지훈', '조용진']",15세이상관람가
신비한 동물들과 그린델왈드의 범죄,미국,['판타지'],['데이빗 예이츠'],"['에디 레드메인', '캐서린 워터스턴', '앨리슨 수돌', '댄 포글러', '에즈라 밀러', '주드 로', '조니 뎁', '칼럼 터너', '조 크라비츠', '수현']",12세이상관람가
창궐,한국,"['사극', '액션']",['김성훈'],"['현빈', '장동건', '조우진', '정만식', '이선빈', '김의성', '조달환', '박진우', '서지혜', '한지은', '공정환', '김태우', '이승일', '이동훈', '이상준', '이상훈', '이승주', '배정환', '이우성', '이우정', '이유진', '이재남', '이정민', '이정민', '김주혁', '서지은', '이진용', '이창훈', '이형원', '김지수', '김태경', '김태윤', '김태희', '김하진', '나대한', '윤석동', '민경옥', '박경관', '박성빈', '임용순', '장현', '장윤정', '정선희', '정선희', '박종범', '정수연', '박지아', '박지원', '정재훈', '박태민', '김현욱', '김현욱', '강정진', '조민아', '최규리', '최아영', '김다연', '김다연', '김대현', '최재영', '한성희', '한아름', '한지혜', '한지혜', '편광진', '황원일', '김성태', '김은진', '김수지', '김승환', '김성준', '김성규', '김제형']",15세이상관람가
암수살인,한국,"['범죄', '드라마']",['김태균'],"['김윤석', '주지훈', '문정희', '진선규', '이재현', '이윤재', '김종수', '김지성', '이현주', '임병우', '김진혁', '김학준', '윤성원', '박성현', '박진수', '박진영', '권회수', '허진', '김영웅', '배해선']",15세이상관람가
베놈,미국,"['액션', 'SF', '스릴러']",['루벤 플레셔'],"['톰 하디', '미쉘 윌리엄스', '리즈 아메드', '제니 슬레이트']",15세이상관람가
안시성,한국,"['사극', '액션']",['김광식'],"['이태진', '조인성', '신현숙', '남주혁', '박성웅', '김경희', '배성우', '엄태구', '설현', '박병은', '오대환', '성동일', '정은채', '유오성', '김미지', '여윤호', '박인수', '이승일', '이현', '이경재', '이낙준', '이동민', '이상혁', '이상호', '이성욱', '이세민', '이승석', '배유리', '이승환', '배준수', '이원재', '이은희', '이은희', '이인규', '이정민', '이정선', '김종호', '이준우', '이진용', '이태진', '이호준', '임동영', '임상현', '김현우', '김현창', '나대한', '오진석', '유병주', '윤정열', '문창준', '박경관', '임용순', '박세준', '정미경', '정지훈', '김한솔', '정태영', '조석현', '조형래', '조혜인', '조혜인', '김욱', '김대현', '김동민', '김동진', '김명준', '김민혁', '최희열', '한명환', '한아름', '한정환', '김이현', '김원중', '김세홍', '강희중']",12세이상관람가
서치,미국,['드라마'],['아니쉬 차간티'],"['존 조', '데브라 메싱']",12세이상관람가
너의 결혼식,한국,['멜로/로맨스'],['이석근'],"['박보영', '김영광', '강기영', '장성범', '고규필', '서은수', '차엽', '안길강', '이동석', '이재상', '서남윤', '김준수', '김지훈', '김태환', '김학준', '김한슬', '박규태', '박성준', '정난희', '박종범', '박주희', '정유진', '정주호', '조영웅', '김건중', '홍근택', '홍진기', '김민석', '김영훈', '김성준', '강희중', '배해선', '조성희']",12세이상관람가
신과함께-인과 연,한국,"['판타지', '드라마']",['김용화'],"['하정우', '주지훈', '김향기', '마동석', '김동욱', '이정재', '김기태', '오희준', '도경수', '이준혁', '이수봉', '이용희', '이우주', '이우주', '이준혁', '이지향', '이지향', '이지혜', '김지안', '김철구', '김태준', '안용우', '김학충', '노남석', '장재욱', '전종석', '박지선', '박찬영', '정진영', '정지훈', '권훈', '권수정', '김대근', '김대현', '김동욱', '김민석', '안지호']",12세이상관람가
공작,한국,['드라마'],['윤종빈'],"['황정민', '이성민', '조진웅', '주지훈', '김대현', '이경호', '이기용', '이동희', '이상원', '이상현', '박현민', '박혜영', '김재희', '이승찬', '이승환', '이승훈', '이은영', '김정현', '이재우', '이재혁', '김정호', '김종수', '김지나', '서주연', '손승훈', '이창석', '이창훈', '이희경', '김지혜', '김지홍', '김진영', '김현중', '김형기', '김형우', '정재헌', '박진수', '박진영', '강주석', '정혜경', '조현수', '강민지', '김다솜', '김대현', '김미혜', '최운진', '최정인', '최지현', '최희열', '김소진', '김수연', '김은아', '김승희', '김영진', '김영훈', '김용석', '김우영', '김우현']",12세이상관람가
미션 임파서블: 폴아웃,미국,"['액션', '스릴러']",['크리스토퍼 맥쿼리'],"['톰 크루즈', '레베카 퍼거슨', '바네사 커비', '미셸 모나한', '헨리 카빌', '안젤라 바셋', '사이먼 페그', '알렉 볼드윈']",15세이상관람가
그래비티,미국,"['SF', '드라마']",['알폰소 쿠아론'],"['산드라 블록', '조지 클루니']",12세이상관람가
인크레더블 2,미국,"['애니메이션', '액션', '어드벤처', '코미디', '가족']",['브래드 버드'],"['크레이그 T. 넬슨', '사무엘 L. 잭슨', '홀리 헌터']",전체관람가
앤트맨과 와스프,미국,"['액션', '어드벤처', 'SF']",['페이튼 리드'],"['폴 러드', '에반젤린 릴리', '마이클 더글라스', '미셀 파이퍼', '로렌스 피쉬번', '해나 존-케이먼', '마이클 페나', '월튼 고긴스']",12세이상관람가
마녀,한국,"['미스터리', '액션']",['박훈정'],"['김다미', '조민수', '박희순', '최우식', '백승철', '김하나', '이강곤', '이상용', '백규현', '김종면', '김종훈', '서영희', '송민수', '이주원', '이채현', '이하영', '이혜성', '남경민', '모그', '박상현', '박상훈', '박시현', '장민재', '정다은', '박정수', '정승채', '정지민', '김한솔', '조제웅', '진영준', '권용석', '김기훈', '김미진', '최정우', '김상훈', '김수현', '김승우', '김영원', '김영민', '김우주']",15세이상관람가
탐정: 리턴즈,한국,"['코미디', '범죄']",['이언희'],"['권상우', '성동일', '이광수', '서영희', '이일화', '남명렬', '손담비', '최성원', '김동욱', '박성일', '오희준', '이광호', '이동민', '이동민', '이상철', '서영희', '심상민', '엄진용', '임승묵', '박성연', '임효우', '박영식', '정성호', '정연주', '정인영', '박태강', '정택호', '조혜선', '최광락', '권혁석', '김동욱', '김미진', '최재옥', '홍광석', '홍광석', '김선간', '김수영', '김승필', '김승필', '김용호', '김원진', '김성규']",15세이상관람가
쥬라기 월드: 폴른 킹덤,미국,"['액션', '어드벤처', 'SF']",['후안 안토니오 바요나'],"['크리스 프랫', '브라이스 달라스 하워드', '제프 골드블럼', '저스티스 스미스', '토비 존스', 'B.D. 웡', '테드 레빈', '제임스 크롬웰', '라프 스팰', '제랄딘 채플린', '마이클 파파존', '카밀 레미에쉐브스키', '다니엘라 피네다', '로버트 엠스']",12세이상관람가
독전,한국,"['범죄', '액션']",['이해영'],"['조진웅', '류준열', '김주혁', '김성령', '박해준', '차승원', '이주영', '김태준', '서현우', '이경제', '이민호', '김재훈', '백승환', '이정철', '이정호', '김준형', '이주영', '이지민', '안성봉', '김태준', '김태현', '오현석', '박성연', '박예진', '박은영', '박정진', '박종범', '정여진', '박진수', '최성철', '김대근', '황기석', '김양수', '김선우', '강승현', '강지현', '김누리', '김동영', '진서연']",15세이상관람가
아바타,미국,"['SF', '액션', '어드벤처']",['제임스 카메론'],"['샘 워싱턴', '조 샐다나', '시고니 위버']",12세이상관람가
데드풀 2,미국,"['액션', '어드벤처', '코미디', 'SF']",['데이빗 레이치'],"['라이언 레이놀즈', '조슈 브롤린', '재지 비츠', '모레나 바카린', '브리아나 힐데브란드']",청소년관람불가
어벤져스: 인피니티 워,미국,"['액션', '어드벤처', '판타지', 'SF']","['안소니 루소', '조 루소']","['로버트 다우니 주니어', '조슈 브롤린', '마크 러팔로', '톰 히들스턴', '크리스 에반스', '크리스 헴스워스', '제레미 레너', '스칼렛 요한슨', '엘리자베스 올슨', '안소니 마키', '폴 러드', '기네스 팰트로우', '폴 베타니', '돈 치들', '베네딕트 컴버배치', '톰 홀랜드', '크리스 프랫', '조 샐다나', '카렌 길런', '브래들리 쿠퍼', '빈 디젤', '데이브 바티스타', '세바스찬 스탠', '채드윅 보스만', '코비 스멀더스', '베니치오 델 토로', '피터 딘클리지', '사무엘 L. 잭슨', '다네이 거라이라', '베네딕트 왕']",12세이상관람가
램페이지,미국,['액션'],['브래드 페이튼'],"['드웨인 존슨', '제프리 딘 모건', '나오미 해리스', '말린 애커맨', '조 맨가니엘로', '말리 쉘튼']",12세이상관람가
곤지암,한국,"['공포(호러)', '스릴러']",['정범식'],"['위하준', '박지현', '오아연', '문예원', '박성훈', '이승욱', '유제윤', '이주원', '정아노마']",15세이상관람가
지금 만나러 갑니다,한국,['멜로/로맨스'],['이장훈'],"['소지섭', '손예진', '김지환', '고창석', '이유진', '김현수', '배유람', '이준혁', '서정연', '손여은', '이진', '이상철', '이재환', '이정민', '변지은', '김지민', '송지연', '이준성', '김지호', '김하은', '유은성', '박서준', '정유민', '정현우', '차봉주', '김경애', '김민석', '김선웅', '김범준']",12세이상관람가
사라진 밤,한국,['스릴러'],['이창희'],"['김상경', '김강우', '김희애', '서현우', '이민지', '이윤재', '이지훈', '김지영', '최윤석']",15세이상관람가
궁합,한국,"['코미디', '드라마']",['홍창표'],"['심은경', '이승기', '김상경', '연우진', '강민혁', '최우식', '조복래', '최민호', '박선영', '이한서', '윤송아', '이선빈', '이동희', '이상진', '이소현', '이수연', '이수연', '이슬아', '김정겸', '배지혜', '이영수', '이정현', '이주연', '이지민', '신혜경', '김탁호', '김태환', '유다영', '유다영', '윤예원', '윤유선', '민성주', '장지선', '정민규', '정인영', '정재훈', '김필수', '강현우', '조성환', '최민호', '김욱', '최우진', '최준호', '김보경', '김서현', '안지호', '김성훈', '김상혁']",12세이상관람가
블랙 팬서,미국,"['액션', '드라마', 'SF']",['라이언 쿠글러'],"['채드윅 보스만', '마이클 B. 조던', '루피타 뇽', '다네이 거라이라', '마틴 프리먼', '안젤라 바셋', '포레스트 휘테커', '앤디 서키스', '레티티아 라이트', '다니엘 칼루야', '윈스턴 듀크']",12세이상관람가
조선명탐정: 흡혈괴마의 비밀,한국,"['사극', '어드벤처', '코미디']",['김석윤'],"['김명민', '오달수', '김지원', '김범', '이민기', '지웅배', '이대현', '이소희', '이재웅', '백승진', '이정민', '김정화', '서지은', '김탁호', '김태윤', '김태희', '김현주', '류현상', '민성주', '박동석', '전건익', '전현우', '박지선', '김태호', '박지현', '김건', '최유진', '한성희', '김미란', '김상일', '김영우', '김영진']",12세이상관람가
그것만이 내 세상,한국,"['코미디', '드라마']",['최성현'],"['이병헌', '윤여정', '박정민', '한지민', '김성령', '이주영', '최리', '이가경', '이상준', '박현주', '이소정', '이정호', '이종승', '이주영', '이준석', '안성봉', '김현정', '박상훈', '박성훈', '박소은', '장혜리', '정승환', '박지연', '박지훈', '박지훈', '조윤주', '김동규', '김민주', '김유진']",12세이상관람가
신과함께-죄와 벌,한국,"['판타지', '드라마']",['김용화'],"['하정우', '차태현', '주지훈', '김향기', '마동석', '김동욱', '도경수', '오달수', '임원희', '장광', '정해균', '김수안', '이정재', '김해숙', '이경영', '김하늘', '최용훈', '강소백', '정수윤', '이수봉', '이승준', '이지향', '김태준', '정지훈', '예수정', '김기태', '성유빈', '오희준', '이준혁']",12세이상관람가
염력,한국,"['드라마', '코미디']",['연상호'],"['류승룡', '심은경', '박정민', '김민재', '정유미', '이승용', '예수정', '이기환', '이동근', '김재원', '백성욱', '이재현', '이정은', '김주연', '이지혜', '이지훈', '이현정', '김흥태', '나성식', '박재규', '조웅희', '김기천', '김기철', '김기범', '김대근', '최영우', '최지연', '황영수']",15세이상관람가
메이즈 러너: 데스 큐어,미국,"['액션', 'SF', '스릴러']",['웨스 볼'],"['딜런 오브라이언', '토마스 생스터', '카야 스코델라리오', '이기홍']",12세이상관람가
1987,한국,['드라마'],['장준환'],"['김윤석', '하정우', '유해진', '김태리', '박희순', '이희준', '설경구', '여진구', '유정호', '윤재국', '지웅배', '정재윤', '이가영', '이동욱', '이동희', '이상준', '이태형', '최광일', '강동원', '문소리', '문성근', '김원진', '남민우', '이주영', '임병우', '김시은', '김기태', '정재윤', '황성준', '서현우', '조민준', '박지환']",15세이상관람가
강철비,한국,"['액션', '드라마']",['양우석'],"['정우성', '곽도원', '김갑수', '김의성', '이경영', '조우진', '정원중', '김명곤', '박은혜', '김지호', '안미나', '원진아', '정유나', '이상민', '이정호', '정환', '한승헌', '박민희']",15세이상관람가
꾼,한국,['범죄'],['장창원'],"['현빈', '유지태', '배성우', '박성웅', '나나', '안세하', '최덕문', '전보람', '전헌태', '유정호', '이용희', '이재남', '이창호', '김동철', '황인범', '차순배']",15세이상관람가
저스티스 리그,미국,"['액션', '어드벤처', '판타지', 'SF']",['잭 스나이더'],"['벤 애플렉', '갤 가돗', '제이슨 모모아', '레이 피셔', '에즈라 밀러', '헨리 카빌', 'J.K. 시몬스', '윌렘 데포', '제레미 아이언스', '앰버 허드', '코니 닐슨', '에이미 아담스', '다이안 레인']",12세이상관람가
토르: 라그나로크,미국,"['액션', '어드벤처', '판타지', 'SF']",['타이카 와이티티'],"['크리스 헴스워스', '톰 히들스턴', '케이트 블란쳇', '이드리스 엘바', '제프 골드블럼', '테사 톰슨', '칼 어번', '마크 러팔로', '안소니 홉킨스']",12세이상관람가
범죄도시,한국,"['범죄', '액션']",['강윤성'],"['마동석', '윤계상', '조재윤', '최귀화', '박상규', '유지연', '최성재', '이경원', '이태규', '진선규', '허동원', '김성규', '박지환']",청소년관람불가
남한산성,한국,"['사극', '드라마']",['황동혁'],"['이병헌', '김윤석', '박해일', '고수', '박희순', '조우진', '박주운', '박지원', '백동현', '서병철', '장정국', '이정호', '이호중', '권효민']",15세이상관람가
아이 캔 스피크,한국,['코미디'],['김현석'],"['나문희', '이제훈', '박철민', '염혜란', '성유빈', '김소진', '이상희', '정연주', '이지훈', '손숙', '박준서', '이승민', '이정현', '홍상원', '황연희', '이재인', '우지현']",12세이상관람가
킹스맨: 골든 서클,미국,"['액션', '어드벤처', '코미디']",['매튜 본'],"['콜린 퍼스', '줄리안 무어', '태런 에저튼', '마크 스트롱', '할리 베리', '엘튼 존', '채닝 테이텀', '제프 브리지스']",청소년관람불가
킬러의 보디가드,미국,"['액션', '코미디']",['패트릭 휴즈'],"['라이언 레이놀즈', '사무엘 L. 잭슨', '셀마 헤이엑', '게리 올드만']",15세이상관람가
살인자의 기억법,한국,"['범죄', '스릴러']",['원신연'],"['설경구', '김남길', '설현', '오달수', '이현명', '장정윤', '전동성', '전동성', '전동성', '백연정', '백연정', '정동석', '정동석', '유지현', '윤선용', '추동우', '함연주', '이종건', '박상욱', '박상운', '전승표', '김정영']",15세이상관람가
택시운전사,한국,['드라마'],['장훈'],"['이수민', '송강호', '토마스 크레취만', '유해진', '류준열', '박혁권', '최귀화', '이창섭', '이호균', '서정우', '송병철', '안용우', '오석규', '윤석진', '이새별', '이성호', '이정은', '이주영', '황민형', '김신웅', '김진상', '김화목', '문광식', '차순배', '김대현', '서현우']",15세이상관람가
군함도,한국,"['액션', '드라마']",['류승완'],"['황정민', '김규백', '명인호', '소지섭', '송중기', '이정현', '김수안', '지웅배', '손용범', '박상호', '박선', '박선주', '박영준', '박정민', '박준서', '박준서', '박혜민', '성정훈', '오정현', '오형근', '전창현', '정규호', '정부용', '지재우', '이다영', '이동준', '이상협', '이선민', '이세형', '이윤2', '최호영', '이재민', '이정민', '이정은', '이정현', '이제훈', '허승준', '이준희', '이지은', '이지환', '이태영', '이하은', '이하준', '이경영', '장성범', '백승철', '김준한', '김고은', '박성일', '설준수', '조경현', '여윤호', '이준혁']",15세이상관람가
덩케르크,미국,"['액션', '드라마', '스릴러', '전쟁']",['크리스토퍼 놀란'],"['톰 하디', '마크 라이런스', '케네스 브래너', '킬리언 머피', '제임스 다시', '케빈 구스리']",12세이상관람가
스파이더맨: 홈 커밍,미국,"['액션', '어드벤처', 'SF']",['존 왓츠'],"['제이콥 배덜런', '톰 홀랜드', '로버트 다우니 주니어', '마이클 키튼', '마리사 토메이', '젠다야 콜맨', '존 파브로', '마틴 스타', '로건 마샬-그린', '가르셀라 보베', '스탠 리', '보킴 우드바인', '케네스 최', '토니 레볼로리', '타인 달리']",12세이상관람가
박열,한국,['드라마'],['이준익'],"['이제훈', '최희서', '김인우', '권율', '민진웅', '이형석', '박진성', '배정환', '서동기', '정무진', '정승채', '조박', '윤재국', '이경수', '이동욱', '이병훈', '이성규', '이승환', '이신우', '이영상', '이재성', '이정현', '이종민', '홍준석', '달시 파켓', '김준한', '최정헌', '백수장']",12세이상관람가
트랜스포머: 최후의 기사,미국,"['액션', '어드벤처', 'SF']",['마이클 베이'],"['마크 월버그', '안소니 홉킨스', '로라 하드독', '조쉬 더하멜']",12세이상관람가
미이라,미국,"['액션', '어드벤처', '판타지']",['알렉스 커츠먼'],"['톰 크루즈', '소피아 부텔라', '애나벨 월리스', '러셀 크로우', '하비에르 보텟', '제이크 존슨', '코트니 B. 반스', '딜란 스미스']",15세이상관람가
원더 우먼,미국,"['액션', '어드벤처', '판타지', 'SF']",['팻티 젠킨스'],"['갤 가돗', '로빈 라이트', '크리스 파인', '데이빗 듈리스', '코니 닐슨', '엘레나 아나야']",12세이상관람가
캐리비안의 해적: 죽은 자는 말이 없다,미국,"['액션', '어드벤처', '판타지', '코미디']","['에스펜 샌버그', '요아킴 뢰닝']","['조니 뎁', '카야 스코델라리오', '올랜도 블룸', '하비에르 바르뎀', '브렌튼 스웨이츠', '제프리 러쉬', '데이빗 웬햄', '골시프테 파라하니', '스티븐 그레이엄', '케빈 맥널리', '폴 매카트니', '마틴 클레바', '로드니 아피프']",12세이상관람가
겟 아웃,미국,"['공포(호러)', '미스터리', '스릴러', '드라마']",['조던 필'],"['다니엘 칼루야', '앨리슨 윌리암스', '브래들리 휘트포드', '캐서린 키너']",15세이상관람가
가디언즈 오브 갤럭시 VOL. 2,미국,"['액션', 'SF']",['제임스 건'],"['크리스 프랫', '조 샐다나', '데이브 바티스타', '빈 디젤', '브래들리 쿠퍼']",12세이상관람가
에이리언: 커버넌트,미국,"['SF', '스릴러']",['리들리 스콧'],"['마이클 패스벤더', '캘리 헤르난데스', '캐서린 워터스턴', '제임스 프랭코', '누미 라파스', '가이 피어스', '빌리 크루덥', '카르멘 에조고', '대니 맥브라이드', '주시 스몰렛']",15세이상관람가
분노의 질주: 더 익스트림,미국,"['액션', '범죄', '스릴러']",['F. 게리 그레이'],"['빈 디젤', '드웨인 존슨', '샤를리즈 테론', '제이슨 스타뎀', '스콧 이스트우드', '커트 러셀', '미셸 로드리게즈', '엘자 패터키', '에바 멘데스', '헬렌 미렌', '조다나 브루스터', '루카스 블랙', '타이레스 깁슨', '루다크리스']",15세이상관람가
특별시민,한국,['드라마'],['박인제'],"['최민식', '곽도원', '심은경', '문소리', '라미란', '류혜영', '이기홍', '진선규', '권용덕', '이주연', '이준범', '박지연', '정병욱', '정병진', '신동필', '정성호', '신중혁', '정연서', '이상구', '이상준', '이수경', '이영민', '이윤희', '이재현', '홍윤기', '마동석', '서이숙', '정재윤', '강기영']",15세이상관람가
미녀와 야수,미국,"['멜로/로맨스', '판타지', '뮤지컬']",['빌 콘돈'],"['엠마 왓슨', '댄 스티븐스', '루크 에반스', '이완 맥그리거', '이안 맥켈런', '엠마 톰슨', '구구 바샤-로', '케빈 클라인', '스탠리 투치']",전체관람가
콩: 스컬 아일랜드,미국,"['액션', '어드벤처', '판타지']",['조던 복트-로버츠'],"['톰 히들스턴', '브리 라슨', '사무엘 L. 잭슨', '존 굿맨']",12세이상관람가
로건,미국,"['액션', 'SF']",['제임스 맨골드'],"['휴 잭맨', '패트릭 스튜어트', '보이드 홀브룩', '스테판 머천트', '리차드 E. 그랜트', '에릭 라 살', '엘리스 닐']",청소년관람불가
재심,한국,['드라마'],['김태윤'],"['정우', '강하늘', '김해숙', '이동휘', '한재영', '이경영', '박희정', '우상기', '조해진', '유지현', '이다은', '이동희', '이동준', '이승훈', '한하늘', '이정수', '이정은', '이종재', '김진욱', '김소진', '김하나', '최정헌']",15세이상관람가
23 아이덴티티,미국,['스릴러'],['M. 나이트 샤말란'],"['제임스 맥어보이', '안야 테일러 조이', '헤일리 루 리차드슨', '베티 버클리', '브래드 윌리엄 헨크', '킴 디렉터', '스털링 K. 브라운']",15세이상관람가
조작된 도시,한국,"['범죄', '액션']",['박광현'],"['지창욱', '심은경', '안재홍', '오정세', '김상호', '김민교', '김기천', '이하늬', '박재민', '박정환', '박주현', '박준규', '박지홍', '장민준', '전영욱', '정근수', '정상문', '신동호', '신민철', '정이삭', '오준표', '오지홍', '조진규', '윤성민', '최경미', '최경식', '최창국', '이민호', '이민호', '이상진', '이석', '이석', '이수빈', '한성관', '이유진', '이정훈', '이정훈', '이종혁', '노남석', '백승철', '손강국', '한지은', '박지후']",15세이상관람가
공조,한국,['액션'],['김성훈'],"['현빈', '유해진', '김주혁', '장영남', '이해영', '윤아', '이동휘', '박형수', '서은지', '신유철', '이재남', '공정환', '김준한', '신문성']",15세이상관람가
더 킹,한국,"['범죄', '드라마']",['한재림'],"['조인성', '정우성', '배성우', '김아중', '류준열', '김의성', '김민재', '정성모', '정은채', '김소진', '황승언', '이주연', '정준용', '박시영', '임승묵', '박정민', '박지홍', '박진영', '장승연', '손영진', '안용우', '유현종', '이나경', '이석호', '한미진', '이승민', '이윤희', '김원진', '김규선', '남명렬', '이가경', '차지원', '차엽', '오대환', '이세랑']",15세이상관람가
너의 이름은.,일본,"['애니메이션', '드라마', '멜로/로맨스']",['신카이 마코토'],"['카미키 류노스케', '카미시라이시 모네', '나가사와 마사미', '이치하라 에수코', '유키 아오이', '시마자키 노부나가', '이시카와 카이토', '타니 카논']",12세이상관람가
마스터,한국,"['액션', '범죄']",['조의석'],"['이병헌', '강동원', '김우빈', '엄지원', '오달수', '박해수', '진경', '김정우', '장한별', '이승용', '김대현', '홍성덕', '우도환']",15세이상관람가
판도라,한국,"['드라마', '스릴러']",['박정우'],"['김남길', '김영애', '문정희', '정진영', '이경영', '강신일', '김대명', '유승목', '김주현', '김명민', '김동우', '김선형', '김승배', '김영준', '김재민', '김정훈', '김태영', '김태현', '김태훈', '박기태', '박선희', '박준영', '이경재', '최우성', '공정환']",12세이상관람가
형,한국,"['코미디', '드라마']",['권수경'],"['조정석', '도경수', '박신혜', '권지훈', '김승아', '김진희', '이연수', '강두', '정지훈']",12세이상관람가
신비한 동물사전,미국,"['어드벤처', '가족', '판타지']",['데이빗 예이츠'],"['에디 레드메인', '콜린 파렐', '캐서린 워터스턴', '앨리슨 수돌', '댄 포글러', '사만다 모튼', '젠 머레이']",12세이상관람가
닥터 스트레인지,미국,"['액션', '어드벤처', '판타지']",['스콧 데릭슨'],"['베네딕트 컴버배치', '레이첼 맥아담스', '틸다 스윈튼', '매즈 미켈슨', '치웨텔 에지오포', '스콧 앳킨스', '마이클 스털버그', '베네딕트 왕']",12세이상관람가
럭키,한국,['코미디'],['이계벽'],"['유해진', '이준', '조윤희', '임지연', '전혜빈', '이동휘', '박선용', '박은미', '정소리', '이승철', '최시형', '홍의권', '문광식', '김기정', '고준', '차엽']",15세이상관람가
미스 페레그린과 이상한 아이들의 집,미국,"['미스터리', '판타지']",['팀 버튼'],"['에바 그린', '사무엘 L. 잭슨', '에이사 버터필드', '앨리슨 제니', '킴 디킨스', '주디 덴치', '크리스 오다우드']",12세이상관람가
아수라,한국,"['범죄', '액션']",['김성수'],"['정우성', '김현빈', '황정민', '주지훈', '곽도원', '정만식', '김원해', '김종수', '김해곤', '윤지혜', '오연아', '윤제문', '이종성', '장근영', '박지환', '손영진', '양영일', '유정호', '윤성민', '이가경', '이광기', '이상민', '채성원', '김남조', '노남석', '박갑진']",청소년관람불가
밀정,한국,['액션'],['김지운'],"['송강호', '공유', '한지민', '츠루미 신고', '엄태구', '신성록', '서영주', '박민우', '이진한', '이진한', '임서영', '임서영', '전수빈', '정유안', '조권수', '조윤담', '이동진', '이상희', '이수광', '이승진', '하민', '노준표', '김정우', '김태준', '고준', '오하늬', '원진아', '전여빈']",15세이상관람가
터널,한국,['드라마'],['김성훈'],"['하정우', '배두나', '오달수', '김종수', '임한빈', '정민희', '송민석', '윤성민', '이동진', '이상희', '최춘범', '권승구', '진용욱', '이한서', '예수정', '서현우']",12세이상관람가
부산행,한국,"['액션', '스릴러']",['연상호'],"['공유', '김정희', '정유미', '김율호', '마동석', '최우식', '안소희', '김의성', '김수안', '박민우', '박민혁', '임종훈', '박종관', '장문성', '박혜진', '손지훈', '손지훈', '연상호', '조춘호', '지동현', '윤미중', '이동하', '이윤상', '최창수', '편준의', '허성우', '황유경', '최용훈', '김근영', '이주실', '예수정', '김대현', '한지은']",15세이상관람가
인천상륙작전,한국,"['전쟁', '드라마']",['이재한'],"['김정철', '이정재', '이범수', '리암 니슨', '진세연', '정준호', '박철민', '김병옥', '김선아', '김영애', '박성웅', '추성훈', '황석하', '이창세', '박정원', '박현선', '션 리차드', '이유진', '한비', '김희진', '진용욱']",12세이상관람가
나우 유 씨 미 2,미국,"['범죄', '액션']",['존 추'],"['제시 아이젠버그', '마크 러팔로', '우디 해럴슨', '데이브 프랑코', '다니엘 래드클리프', '리지 캐플란', '주걸륜', '마이클 케인', '모건 프리먼']",12세이상관람가
봉이 김선달,한국,['사극'],['박대민'],"['유승호', '조재현', '고창석', '라미란', '시우민', '연우진', '전석호', '서예지', '주영호', '박예슬', '박상현', '박진성', '유일한', '이선희', '이규형']",12세이상관람가
굿바이 싱글,한국,"['코미디', '드라마']",['김태곤'],"['김혜수', '마동석', '김현수', '김용건', '서현진', '곽시양', '전석호', '이미도', '이성민', '황미영', '이형미', '박지영', '정준화', '유성진', '윤환', '이수경', '최문석', '홍민희', '김근영', '안재홍', '황승언', '김고은', '목규리', '이선빈']",15세이상관람가
인디펜던스 데이 : 리써전스,미국,"['액션', '어드벤처', 'SF']",['롤랜드 에머리히'],"['빌 풀만', '리암 헴스워스', '제프 골드블럼', '비비카 A. 폭스', '제시 어셔']",12세이상관람가
정글북,미국,"['어드벤처', '드라마']",['존 파브로'],"['닐 세티', '빌 머레이', '스칼렛 요한슨', '벤 킹슬리', '이드리스 엘바', '루피타 뇽', '크리스토퍼 월켄', '지안카를로 에스포지토']",12세이상관람가
아가씨,한국,"['스릴러', '드라마']",['박찬욱'],"['김민희', '김태리', '하정우', '조진웅', '김해숙', '문소리', '최병모', '김인우', '이용녀', '조은형', '장한순', '이규정', '이승준', '이윤재', '김시은']",청소년관람불가
곡성,한국,"['미스터리', '스릴러', '드라마']",['나홍진'],"['곽도원', '황정민', '쿠니무라 준', '천우희', '김환희', '허진', '장소연', '김도윤', '손강국', '전배수', '황석정', '배용근', '배용근', '이인철', '이용녀', '선호삼', '송민석', '신재현', '안수연', '이선희', '이수빈', '이수진', '권귀덕', '이연', '이연경', '이연경', '백승철', '이정은']",15세이상관람가
엑스맨: 아포칼립스,미국,"['액션', '어드벤처', '판타지', 'SF']",['브라이언 싱어'],"['제임스 맥어보이', '마이클 패스벤더', '제니퍼 로렌스', '오스카 아이삭', '니콜라스 홀트', '로즈 번', '타이 쉐리던', '소피 터너', '올리비아 문', '루카스 틸']",12세이상관람가
캡틴 아메리카: 시빌 워,미국,"['액션', 'SF', '스릴러']","['안소니 루소', '조 루소']","['크리스 에반스', '로버트 다우니 주니어', '스칼렛 요한슨', '세바스찬 스탠', '안소니 마키', '돈 치들', '제레미 레너', '톰 홀랜드']",12세이상관람가
주토피아,미국,"['애니메이션', '액션', '어드벤처']","['바이론 하워드', '리치 무어']","['지니퍼 굿윈', '제이슨 베이트먼', '샤키라']",전체관람가
시간이탈자,한국,['스릴러'],['곽재용'],"['임수정', '조정석', '이진욱', '정진영', '이기우', '온주완', '전신환', '이태리', '김보라', '임예진', '정웅인', '박준규', '남태부', '차은재', '박지원', '박소영', '백준혁', '조민영', '신지수', '이동희', '이성준', '이영민', '김수영', '이봄']",15세이상관람가
"날, 보러와요",한국,"['미스터리', '스릴러']",['이철하'],"['강예원', '이상윤', '최진호', '지대한', '김종수', '이학주', '장태성', '유건', '길해연', '조재윤', '이형석', '박송해', '정경일', '안용우', '안지혜', '안지혜', '최낙영', '이규호', '이상백', '이승진', '김호원', '황성준']",청소년관람불가
배트맨 대 슈퍼맨: 저스티스의 시작,미국,"['액션', '어드벤처', '판타지']",['잭 스나이더'],"['헨리 카빌', '벤 애플렉', '에이미 아담스', '로렌스 피쉬번', '제시 아이젠버그', '제레미 아이언스', '홀리 헌터', '갤 가돗']",12세이상관람가
귀향,한국,['드라마'],['조정래'],"['손숙', '강하나', '서미지', '최리', '정인기', '오지혜', '김시은', '이채현', '임성철', '임혜영', '박주현', '박지희', '박진경', '장현익', '정광윤', '정부경', '정승현', '안재성', '이경훈', '이민영', '이선희', '이수현', '이승현', '이여원', '김완기', '김은나', '정무성', '류신']",15세이상관람가
데드풀,미국,"['액션', 'SF']",['팀 밀러'],"['라이언 레이놀즈', '모레나 바카린', '에드 스크레인', '지나 카라노', 'T.J. 밀러', '브리아나 힐데브란드']",청소년관람불가
검사외전,한국,"['범죄', '코미디']",['이일형'],"['황정민', '강동원', '이성민', '박성웅', '김응수', '신소율', '주진모', '김원해', '김홍파', '김병옥', '박종환', '전배수', '박지환', '손종학', '신혜선', '김시은', '김종수', '한재영', '박지환', '박종우', '박지홍', '송승현', '윤석민', '이규호', '이석준', '이선주', '이승민', '이승우', '이승준', '이승훈', '이승훈', '최현준', '김영', '이정은']",15세이상관람가
쿵푸팬더3,미국,"['애니메이션', '액션', '어드벤처']","['여인영', '알레산드로 칼로니']","['잭 블랙', '안젤리나 졸리', '더스틴 호프만', '성룡', '세스 로건', '루시 리우', '데이빗 크로스', 'J.K. 시몬스']",전체관람가
레버넌트: 죽음에서 돌아온 자,미국,"['어드벤처', '드라마']",['알레한드로 곤잘레스 이냐리투'],"['레오나르도 디카프리오', '톰 하디']",15세이상관람가
히말라야,한국,['드라마'],['이석훈'],"['황정민', '정우', '조성하', '김인권', '라미란', '김원해', '이해영', '전배수', '정유미', '유선', '한명환', '김재준', '박민우', '배상민', '이춘우', '이혜진', '최종률', '조달환', '김태강', '권오상']",12세이상관람가
내부자들,한국,"['범죄', '드라마']",['우민호'],"['이병헌', '조승우', '백윤식', '이경영', '김홍파', '배성우', '조재윤', '김대명', '조우진', '이엘', '정만식', '김병옥', '김의성', '박진우', '남일우', '김연지', '김진우', '문소리', '박경순', '설우신', '손혜진', '신정미', '윤보배', '이선관', '이재남', '이재정', '이주아', '신지수', '장현준', '최정연', '황준혁', '손종학', '조덕제', '유재명', '조경현']",청소년관람불가
검은 사제들,한국,"['미스터리', '드라마']",['장재현'],"['김윤석', '강동원', '박소담', '김병옥', '김의성', '이호재', '남일우', '김동현', '김미영', '김수진', '김혜민', '박지수', '송선찬', '이상민', '이승훈', '이현우', '손종학', '조수향', '남문철']",15세이상관람가
마션,미국,"['액션', '어드벤처', 'SF']",['리들리 스콧'],"['맷 데이먼', '제시카 차스테인', '제프 다니엘스', '케이트 마라', '크리스틴 위그']",12세이상관람가
더 폰,한국,"['스릴러', '액션']",['김봉주'],"['손현주', '엄지원', '배성우', '김성종', '권지훈', '조용관', '정한빈', '정진근', '장한별', '임태훈', '이확광', '이병권', '김경애', '김광섭', '이광기', '김영민', '김용환', '김소영', '김주희', '김태환', '김한준', '서병철', '백동현', '이철민', '노정의', '장인섭', '조달환', '황석정']",15세이상관람가
사도,한국,['사극'],['이준익'],"['송강호', '유아인', '문근영', '전혜진', '김해숙', '박원상', '진지희', '박소담', '서예지', '이효제', '곽동호', '최희영', '정호', '이현철', '김상훈', '이민혜', '김경원', '김대환', '김민규', '양지혜', '안현숙', '김우진', '이대연', '최덕문', '정석용', '최민철', '안정우', '안태훈', '조승연', '차순배']",12세이상관람가
베테랑,한국,"['액션', '드라마']",['류승완'],"['황정민', '유아인', '유해진', '오달수', '장윤주', '김시후', '오대환', '정웅인', '정만식', '송영창', '진경', '유인영', '박소담', '이동휘', '배성우', '천호진', '이채은', '조덕현', '신지수', '권지훈', '정윤헌', '장한승', '김선웅', '김성종', '우영택', '김민재', '김재현', '김태용', '김지수', '박지윤', '박지혜', '손성민', '장소연', '유재명', '배제기', '류아벨', '정재헌', '안길강', '마동석', '김응수', '고규필', '서현우', '강영묵']",15세이상관람가
앤트맨,미국,"['액션', 'SF']",['페이튼 리드'],"['폴 러드', '마이클 더글라스', '에반젤린 릴리', '코리 스톨']",12세이상관람가
암살,한국,"['액션', '드라마']",['최동훈'],"['전지현', '이정재', '하정우', '오달수', '조진웅', '이경영', '최덕문', '김의성', '박병은', '김홍파', '강용빈', '홍성지', '지동주', '장현석', '장용현', '김민지', '김승찬', '안태랑', '김예은', '김정석', '김정호', '김준우', '김지원', '박상민', '박정환', '조승우', '김해숙', '진경', '박소은', '김인우', '심희섭', '김태준', '차지원', '강영묵']",15세이상관람가
인사이드 아웃,미국,"['애니메이션', '코미디']",['피트 닥터'],"['다이안 레인', '에이미 포엘러', '카일 맥라클란', '민디 캘링', '빌 헤이더']",전체관람가
연평해전,한국,['드라마'],['김학순'],"['김무열', '진구', '김율호', '이현우', '이완', '이청아', '천민희', '이한종', '박찬희', '박혜준', '최순조', '최승준', '최종환', '송재호', '유형균', '박정학', '이철민', '김강일', '김희정']",12세이상관람가
쥬라기 월드,미국,"['액션', '어드벤처', 'SF']",['콜린 트레보로우'],"['크리스 프랫', '주디 그리어', '브라이스 달라스 하워드', '케이티 맥그라스', '제이크 존슨', '빈센트 도노프리오']",12세이상관람가
샌 안드레아스,미국,"['액션', '드라마', '스릴러']",['브래드 페이튼'],"['드웨인 존슨', '알렉산드리아 다다리오']",12세이상관람가
매드 맥스: 분노의 도로,미국,"['액션', '어드벤처', '스릴러']",['조지 밀러'],"['톰 하디', '샤를리즈 테론', '니콜라스 홀트', '조 크라비츠', '로지 헌팅턴-휘틀리', '라일리 코프', '메간 게일', '애비 리', '코트니 이튼']",15세이상관람가
스파이,미국,"['액션', '코미디']",['폴 페이그'],"['주드 로', '제이슨 스타뎀', '멜리사 맥카시']",15세이상관람가
악의 연대기,한국,['스릴러'],['백운학'],"['손현주', '마동석', '최다니엘', '박서준', '이준혁', '이태호', '이현우', '강민정', '조은수', '서정우', '최동헌', '안용우', '이명준', '이성재', '이용희', '이은정', '정원중', '지대한', '장준녕', '정준원']",15세이상관람가
어벤져스: 에이지 오브 울트론,미국,"['액션', '어드벤처', '판타지', 'SF']",['조스 웨던'],"['로버트 다우니 주니어', '크리스 헴스워스', '마크 러팔로', '크리스 에반스', '스칼렛 요한슨', '제레미 레너', '돈 치들', '애런 존슨', '엘리자베스 올슨', '폴 베타니', '코비 스멀더스', '제임스 스페이더', '사무엘 L. 잭슨', '수현']",12세이상관람가
분노의 질주: 더 세븐,미국,"['액션', '범죄', '스릴러']",['제임스 완'],"['빈 디젤', '폴 워커', '드웨인 존슨', '제이슨 스타뎀']",15세이상관람가
스물,한국,"['코미디', '드라마']",['이병헌'],"['김우빈', '이준호', '강하늘', '정덕희', '주창욱', '권지훈', '오하늬', '오현경', '이성두', '정소민', '안재홍', '이유비', '김의성', '김종수', '민지', '황미영', '서호철']",15세이상관람가
킹스맨 : 시크릿 에이전트,미국,"['액션', '스릴러']",['매튜 본'],"['콜린 퍼스', '태런 에저튼', '사무엘 L. 잭슨', '마이클 케인']",청소년관람불가
위플래쉬,미국,['드라마'],['데이미언 셔젤'],"['마일즈 텔러', 'J.K. 시몬스']",15세이상관람가
조선명탐정 : 사라진 놉의 딸,한국,"['사극', '코미디', '어드벤처']",['김석윤'],"['김명민', '오달수', '이연희', '강다현', '전건익', '정명철', '박지선', '배영민', '정혜은', '조관우', '조명행', '최지명', '송병철', '김나현', '이경용', '이귀현', '이낙준', '한대룡', '이선도', '이성동', '이용우', '김태환', '정원중', '남윤나', '류광일', '류현상', '최무성', '김원해', '우현', '황정민', '이정은']",12세이상관람가
국제시장,한국,['드라마'],['윤제균'],"['황정민', '김윤진', '오달수', '정진영', '장영남', '라미란', '김슬기', '정영기', '맹세창', '김동원', '김현중', '김지영', '황창기', '박재우', '박찬희', '김예빈', '김재철', '김하연', '김재현', '이소영', '류경현', '황인준', '이종석', '이진희', '전희경', '박재언', '유재상', '김선영', '정윤호', '박길수', '박영수', '김근영', '허동원']",12세이상관람가
쎄시봉,한국,"['멜로/로맨스', '코미디', '드라마']",['김현석'],"['김윤석', '정우', '한효주', '김희애', '진구', '장현성', '강하늘', '조복래', '김인권', '장미진', '강명찬', '정수교', '조성관', '천준호', '최남주', '최성택', '최성택', '최충열', '송민석', '박소담', '오하늬', '윤준호', '이미소', '김승찬', '이병훈', '이상희', '이승현', '안재홍', '이대연', '이동훈', '권해효']",15세이상관람가
빅 히어로,미국,"['애니메이션', '액션', '코미디']","['돈 홀', '크리스 윌리암스']","['라이언 포터', '스콧 애짓', '다니엘 헤니', '제이미 정', 'T.J. 밀러', '제네시스 로드리게스', '데이몬 웨이언스 주니어', '마야 루돌프', '제임스 크롬웰', '알란 터딕']",전체관람가
강남 1970,한국,"['액션', '드라마']",['유하'],"['이민호', '김래원', '정진영', '설현', '유승목', '한재영', '이연두', '정호빈', '최진호', '엄효섭', '최병모', '지대한', '전배수', '윤종화', '서우진', '이인혁', '이정완', '이주협', '박소희', '박시연', '이한울', '임성숙', '장준혁', '전우재', '강풍', '박재영', '박재희', '박준영', '정영택', '백동현', '정창용', '조선기', '서현석', '천영암', '손재영', '주연서', '신영규', '양진석', '오형근', '유정호', '윤지원', '이규석', '김원진', '이성용', '이성준', '이세훈', '황재진', '이원희', '이은주', '안정우', '정진영', '김지수', '곽민호', '이가경']",청소년관람불가
"님아, 그 강을 건너지 마오",한국,['다큐멘터리'],['진모영'],"['조병만', '강계열']",전체관람가
인터스텔라,미국,['SF'],['크리스토퍼 놀란'],"['매튜 매커너히', '앤 해서웨이', '마이클 케인', '제시카 차스테인', '케이시 애플렉']",12세이상관람가
나를 찾아줘,미국,['스릴러'],['데이빗 핀처'],"['벤 애플렉', '로자먼드 파이크', '닐 패트릭 해리스', '미시 파일']",청소년관람불가
나의 사랑 나의 신부,한국,"['멜로/로맨스', '코미디']",['임찬상'],"['조정석', '신민아', '윤정희', '이상희', '전예원', '조아라', '김광수', '김보미', '김선하', '김은비', '박주운', '신영일', '배성우', '라미란', '윤문식', '황정민', '서강준', '김형욱', '김근영', '고규필']",15세이상관람가
제보자,한국,['드라마'],['임순례'],"['박해일', '유연석', '이경영', '박원상', '류현경', '송하윤', '김강현', '김수안', '김중기', '이봉규', '이승준', '박세정', '서지원', '안수정', '양대성', '정보현', '조남호', '최성진', '황현태', '김경란', '김도윤', '김유민', '김지은', '유재명', '장문규', '김새벽', '정훈석', '최희진', '김원해', '장광', '김영재', '황정민', '한기중', '이미도', '최용민', '권해효', '남명렬']",12세이상관람가
메이즈 러너,미국,"['액션', '미스터리', 'SF', '스릴러']",['웨스 볼'],"['딜런 오브라이언', '카야 스코델라리오', '윌 폴터', '토마스 생스터', '이기홍']",12세이상관람가
타짜-신의 손,한국,['드라마'],['강형철'],"['최승현', '신세경', '곽도원', '유해진', '김윤석', '이하늬', '김인권', '이경영', '고수희', '오정세', '박효주', '백승찬', '양성우', '우민호', '윤지환', '이승원', '이승훈', '이영민', '이원호', '정동근', '조연우', '한준우', '곽수정', '홍승철', '황현서', '김도엽', '김원영', '김장미', '문도선', '이준혁', '김새벽', '배유람', '안재홍', '이동휘', '김원해', '최종률', '고준', '조경현']",청소년관람불가
해적: 바다로 간 산적,한국,['어드벤처'],['이석훈'],"['김남길', '손예진', '유해진', '이경영', '오달수', '김태우', '박철민', '신정근', '김원해', '조달환', '조희봉', '정성화', '최진리', '이이경', '강대욱', '서왕석', '서재현', '서진석', '서현석', '성호제', '송용호', '심윤보', '엄세현', '유민경', '이동철', '장지웅', '정경우', '차민호', '권성영', '김경식', '김기환', '김대현', '김재학', '김주동', '김준아', '김한준', '도현운', '안내상', '이대연', '전배수', '김강일', '박해수']",12세이상관람가
명량,한국,"['사극', '액션']",['김한민'],"['최민식', '류승룡', '조진웅', '김명곤', '진구', '이정현', '권율', '노민우', '김태훈', '이승준', '오타니 료헤이', '박보검', '박원우', '서성광', '오명훈', '유명환', '윤희경', '이윤기', '정수남', '정순태', '정의석', '김원해', '이해영', '장준녕', '김길동', '김강일', '강태영', '하형원', '한상대', '김동원', '김민석', '김민식', '김재철', '김준형', '김현중', '박선용', '박노식', '최덕문', '조복래', '문영동', '이주실']",15세이상관람가
군도: 민란의 시대,한국,"['사극', '액션']",['윤종빈'],"['하정우', '강동원', '최귀화', '이성민', '조진웅', '마동석', '윤지혜', '정만식', '김성균', '김재영', '주진모', '이경영', '신나라', '정두홍', '조남희', '조현도', '김광현', '김병주', '김영철', '김지선', '김태수', '노남석', '송영창', '이경영', '김병옥', '주영호', '한예리', '김시은', '김해숙', '정대용', '정재헌']",15세이상관람가
혹성탈출: 반격의 서막,미국,"['액션', '드라마', 'SF', '스릴러']",['맷 리브스'],"['앤디 서키스', '게리 올드만', '제이슨 클락']",12세이상관람가
트랜스포머: 사라진 시대,미국,"['액션', 'SF', '어드벤처']",['마이클 베이'],"['마크 월버그', '제시카 고메즈', '니콜라 펠츠', '잭 레이너', '스탠리 투치', '리빙빙']",12세이상관람가
엣지 오브 투모로우,미국,"['액션', 'SF']",['더그 라이만'],"['톰 크루즈', '에밀리 블런트', '빌 팩스톤']",12세이상관람가
엑스맨: 데이즈 오브 퓨처 패스트,미국,"['액션', '판타지', 'SF', '어드벤처']",['브라이언 싱어'],"['휴 잭맨', '제임스 맥어보이', '마이클 패스벤더', '제니퍼 로렌스', '할리 베리', '엘렌 페이지']",12세이상관람가
인간중독,한국,"['멜로/로맨스', '드라마']",['김대우'],"['송승헌', '임지연', '조여정', '온주완', '유해진', '이승준', '임경민', '양승희', '정상철', '조남민', '이상미', '김제현', '김대영', '김민범', '김연지', '김영민', '김정숙', '김정현', '김주희', '김한준', '김현우', '전혜진', '배성우', '정원중', '윤다경', '송지인', '예수정', '오희준']",청소년관람불가
역린,한국,['사극'],['이재규'],"['현빈', '정재영', '조정석', '한지민', '조재현', '박성웅', '김성령', '정은채', '강민지', '박지혜', '석현', '정성민', '조정민', '최용식', '이상현', '한대룡', '이수봉', '홍남희', '김고운', '이승주', '이승주', '이승훈', '이언정', '이용출', '이용출', '이정수', '김기수', '김나현', '김도연', '김두루', '김현진', '송영창', '김대명', '천보근', '서이숙', '성유빈']",15세이상관람가
어메이징 스파이더맨 2,미국,"['액션', '판타지']",['마크 웹'],"['앤드류 가필드', '엠마 스톤', '제이미 폭스', '데인 드한']",12세이상관람가
캡틴 아메리카: 윈터 솔져,미국,"['액션', '어드벤처', 'SF']","['조 루소', '안소니 루소']","['크리스 에반스', '스칼렛 요한슨', '사무엘 L. 잭슨', '로버트 레드포드']",15세이상관람가
노아,미국,"['어드벤처', '드라마', '판타지']",['대런 아로노프스키'],"['러셀 크로우', '엠마 왓슨', '로건 레먼', '안소니 홉킨스', '제니퍼 코넬리']",15세이상관람가
논스톱,미국,['액션'],['자움 콜렛 세라'],"['리암 니슨', '줄리안 무어', '미쉘 독커리', '앤슨 마운트', '존 아브라함스', '스쿳 맥네이리']",15세이상관람가
300: 제국의 부활,미국,"['액션', '드라마', '전쟁']",['노암 머로'],"['레나 헤디', '에바 그린', '설리반 스탭플턴', '로드리고 산토로']",청소년관람불가
수상한 그녀,한국,['드라마'],['황동혁'],"['심은경', '나문희', '박인환', '성동일', '이진욱', '김현숙', '황정민', '김슬기', '박형우', '신재훈', '박인환', '이태식', '박재홍', '서진호', '양태규', '정상원', '정은임', '정종혁', '조명행', '진영', '한상경', '한흥석', '김경아', '이주희', '김동욱', '김동희', '김민준', '김선하', '김순찬', '김영웅', '김용진', '김재섭', '김정원', '박선희', '한지은', '김수현', '황영희', '장광', '전우재', '강필선', '김가희', '황승언']",15세이상관람가
겨울왕국,미국,"['애니메이션', '어드벤처', '가족', '코미디', '뮤지컬', '판타지']","['크리스 벅', '제니퍼 리']","['이디나 멘젤', '크리스틴 벨', '조나단 그로프', '조시 게드']",전체관람가
변호인,한국,['드라마'],['양우석'],"['송강호', '김영애', '오달수', '곽도원', '임시완', '송영창', '정원중', '조민기', '이항나', '이성민', '차광수', '한기중', '심희섭', '김동현', '조완기', '차은재', '최주희', '주명철', '조선묵', '유하복', '김봉환', '지건우', '최은석', '최현', '최정현', '박상현', '신안진', '조기왕', '조유신', '이선희', '장리우', '정준원', '이정은', '이진희', '민경옥', '정성화', '박성근', '신승용', '김찬이', '원호섭', '윤탁', '한승도', '조용준', '정재민', '권오진', '이설구', '노영하', '장우진', '이해성', '김승태', '신욱', '황건', '권영국', '양명헌', '정원조', '윤준호', '이호원', '설창희', '홍도성', '김형석', '김호진', '양정인', '이동현', '이정건', '김리후', '육미옥', '김호연', '백성식', '김선주', '김가영', '이준기', '이형은', '김서영', '오병남', '전광진', '조현덕', '김경인', '이상호', '김성민', '류수영', '박수영', '이경인', '최태환', '김서영', '이현정']",15세이상관람가
어바웃 타임,영국,"['멜로/로맨스', '코미디']",['리차드 커티스'],"['레이첼 맥아담스', '도널 글리슨', '빌 나이']",15세이상관람가
호빗: 스마우그의 폐허,미국,"['어드벤처', '드라마', '판타지']",['피터 잭슨'],"['마틴 프리먼', '베네딕트 컴버배치', '케이트 블란쳇', '올랜도 블룸', '리차드 아미티지', '루크 에반스', '휴고 위빙', '크리스토퍼 리', '에반젤린 릴리']",12세이상관람가
결혼전야,한국,"['멜로/로맨스', '코미디']",['홍지영'],"['김강우', '김효진', '주지훈', '이연희', '옥택연', '마동석', '구잘 투르수노바', '이희준', '고준희', '최종윤', '정민주', '이미도', '최병모', '김광규', '장광', '황정민', '오나라', '임병우', '이주실']",15세이상관람가
친구 2,한국,['액션'],['곽경택'],"['유오성', '주진모', '김우빈', '김미진', '최종석', '한기준', '문혜지', '황순영', '신승찬', '양혜경', '이재덕', '정종호', '정현수', '이준혁', '장영남', '이철민', '이동훈', '기주봉', '정호빈', '한재영', '지승현', '황성준', '조민준']",청소년관람불가
토르: 다크 월드,미국,"['액션', '어드벤처', '판타지']",['앨런 테일러'],"['크리스 헴스워스', '톰 히들스턴', '나탈리 포트만', '스텔란 스카스가드', '이드리스 엘바', '안소니 홉킨스']",12세이상관람가
화이: 괴물을 삼킨 아이,한국,"['액션', '스릴러']",['장준환'],"['여진구', '김윤석', '조진웅', '장현성', '김성균', '박해준', '임지은', '남지현', '설우신', '이성', '이태종', '한진', '홍준표', '유연석', '이준혁', '박진우', '한주완', '서영화', '이진성', '장인섭', '손강국', '이승용', '김근영', '이유미']",청소년관람불가
관상,한국,"['사극', '드라마']",['한재림'],"['송강호', '이정재', '백윤식', '조정석', '이종석', '김혜수', '신기원', '윤종구', '윤희원', '이도엽', '권영각', '김길동', '정준식', '조훈휘', '표유신', '하정수', '한만영', '노준표', '문혜진', '박진우', '전신환', '김강현', '유재명', '김의성', '정대용', '김근영', '서현우']",15세이상관람가
깡철이,한국,"['드라마', '액션', '가족']",['안권태'],"['유아인', '김해숙', '김정태', '김성오', '정유미', '이시언', '신정근', '손희정', '신경주', '신창수', '이동연', '이동훈', '이승민', '이태영', '길정환', '하수진', '한상현', '이도겸', '김인우', '장태성']",15세이상관람가
설국열차,한국,"['SF', '액션']",['봉준호'],"['크리스 에반스', '송강호', '에드 해리스', '존 허트', '틸다 스윈튼', '제이미 벨', '옥타비아 스펜서', '이완 브렘너', '고아성', '알리슨 필', '허찬']",15세이상관람가
나우 유 씨 미 : 마술사기단,미국,"['범죄', '액션', '스릴러']",['루이스 리테리어'],"['제시 아이젠버그', '마크 러팔로', '우디 해럴슨', '멜라니 로랑', '아일라 피셔', '데이브 프랑코', '마이클 케인', '모건 프리먼']",12세이상관람가
숨바꼭질,한국,['스릴러'],['허정'],"['손현주', '문정희', '전미선', '장채린', '김수안', '김원해', '노수산나', '정준원', '김근영', '성유빈']",15세이상관람가
레드: 더 레전드,미국,"['액션', '코미디', '범죄']",['딘 패리소트'],"['브루스 윌리스', '존 말코비치', '메리-루이스 파커', '이병헌', '캐서린 제타-존스', '안소니 홉킨스', '헬렌 미렌']",15세이상관람가
감시자들,한국,"['범죄', '액션']","['김병서', '조의석']","['설경구', '정우성', '한효주', '진경', '이준호', '임달화', '손민석', '김대진', '이태형', '강신하', '이동휘', '이화정', '김진곤', '박지훈', '김지훈', '신성일', '변요한', '정우근', '장원형', '장유리', '조도연', '지영준', '한영주', '문성렬', '박영진', '박지연', '백동현', '신경철', '이가람', '이상민', '김병옥']",15세이상관람가
월드 워 Z,미국,"['드라마', '스릴러', 'SF', '액션', '어드벤처']",['마크 포스터'],"['브래드 피트', '미레유 에노스', '매튜 폭스']",15세이상관람가
은밀하게 위대하게,한국,"['액션', '코미디', '드라마']",['장철수'],"['김수현', '박기웅', '이현우', '손현주', '박혜숙', '김성균', '고창석', '장광', '신정근', '홍경인', '이채영', '박은빈', '최우식', '이연경', '이재남', '이주원', '장하은', '장하진', '황의준', '송경호', '이명규', '주현', '조영진', '성유빈']",15세이상관람가
분노의 질주: 더 맥시멈,미국,['액션'],['저스틴 린'],"['빈 디젤', '드웨인 존슨', '폴 워커', '미셸 로드리게즈']",15세이상관람가
아이언맨 3,미국,"['액션', '어드벤처', 'SF']",['쉐인 블랙'],"['로버트 다우니 주니어', '기네스 팰트로우', '벤 킹슬리', '가이 피어스', '레베카 홀', '폴 베타니', '존 파브로']",12세이상관람가
전설의 주먹,한국,"['드라마', '액션']",['강우석'],"['황정민', '유준상', '이요원', '윤제문', '정웅인', '성지루', '지우', '장영주', '장임태', '장준석', '장한별', '전상민', '전재형', '정동혁', '정윤성', '주창욱', '채성원', '천준호', '최봉록', '최춘범', '최충열', '허명행', '박용균', '박재영', '이수민', '구원', '박정민', '박진우', '서범식', '강신일', '강성진', '김종수', '변준우', '전준영']",청소년관람불가
오블리비언,미국,"['액션', 'SF']",['조셉 코신스키'],"['톰 크루즈', '모건 프리먼', '올가 쿠릴렌코', '안드레아 라이즈보로']",15세이상관람가
지.아이.조 2,미국,"['액션', '어드벤처', 'SF']",['존 추'],"['이병헌', '브루스 윌리스', '드웨인 존슨', '채닝 테이텀', '애드리앤 팰리키', '레이 스티븐슨', '레이 파크']",15세이상관람가
연애의 온도,한국,"['멜로/로맨스', '코미디']",['노덕'],"['이민기', '김민희', '최무성', '라미란', '장영준', '정여진', '조치언', '박명규', '권유진', '박병은', '하연수', '김강현']",청소년관람불가
신세계,한국,"['범죄', '액션']",['박훈정'],"['이정재', '최민식', '황정민', '박성웅', '송지효', '정영기', '이경영', '정군', '정민욱', '정종화', '최봉록', '권지훈', '한동욱', '한재덕', '허명행', '남경민', '신수정', '연영식', '김병옥', '김홍파', '장광', '정재헌', '김윤성', '최일화', '리우진', '박인수']",청소년관람불가
7번방의 선물,한국,"['코미디', '드라마']",['이환경'],"['류승룡', '박신혜', '갈소원', '정진영', '오달수', '박원상', '김정태', '정만식', '김기천', '장호준', '김동민', '박수진', '박유경', '박정배', '조덕현', '박상면', '조재윤', '박길수']",15세이상관람가
박수건달,한국,['코미디'],['조진규'],"['박신양', '김정태', '엄지원', '정혜영', '김성균', '최일화', '최지호', '김형범', '장원종', '이충재', '장성진', '장진', '조용우', '김에스라', '현태환', '박세진', '서형찬', '이덕화', '정윤선', '김홍파']",15세이상관람가
레미제라블,미국,['드라마'],['톰 후퍼'],"['휴 잭맨', '러셀 크로우', '앤 해서웨이', '아만다 사이프리드', '헬레나 본햄 카터']",12세이상관람가
타워,한국,['드라마'],['김지훈'],"['설경구', '손예진', '김상경', '김인권', '도지한', '안성기', '이한위', '김성오', '송재호', '차인표', '박철민', '조민아', '권현상', '박정학', '임경만', '장혜리', '조윤경', '배진호', '안용우', '전배수', '이창용', '박영수', '이주실']",12세이상관람가
호빗: 뜻밖의 여정,미국,"['어드벤처', '판타지']",['피터 잭슨'],"['마틴 프리먼', '이안 맥켈런', '리차드 아미티지', '케이트 블란쳇', '크리스토퍼 리', '일라이저 우드', '앤디 서키스', '휴고 위빙', '베네딕트 컴버배치']",12세이상관람가
26년,한국,"['액션', '드라마']",['조근현'],"['진구', '한혜진', '임슬옹', '배수빈', '이경영', '장광', '천우희', '이현걸', '전종석', '정광재', '지성용', '김병오', '이상훈', '이경영', '정현진', '이미도', '조덕제', '김의성', '김도윤', '김태준']",15세이상관람가
"광해, 왕이 된 남자",한국,"['사극', '드라마']",['추창민'],"['이병헌', '류승룡', '한효주', '장광', '김인권', '심은경', '김명곤', '서진원', '장재현', '정창국', '조혜정', '김남준', '이수용', '박윤호', '김지수', '박민규', '박지아', '송미정', '양준모', '원동연', '김종구', '주영호', '이엘', '전배수', '이란희', '최욱']",15세이상관람가
늑대소년,한국,"['멜로/로맨스', '드라마', '판타지']",['조성희'],"['송중기', '박보영', '장영남', '유연석', '김향기', '장서이', '한민혁', '이승주', '최광락', '오영석', '차종호', '이영란', '유승목', '서동수']",15세이상관람가
007 스카이폴,미국,['액션'],['샘 멘데스'],"['다니엘 크레이그', '하비에르 바르뎀', '주디 덴치', '랄프 파인즈', '나오미 해리스', '베레니스 말로에']",15세이상관람가
도둑들,한국,"['액션', '범죄']",['최동훈'],"['김윤석', '김혜수', '이정재', '전지현', '임달화', '김해숙', '오달수', '김수현', '이심결', '증국상', '서영주', '장동', '장현문', '정윤헌', '조상원', '한규석', '홍원기', '김영민', '최덕문', '최진호', '장준녕', '예수정']",15세이상관람가
본 레거시,미국,"['액션', '스릴러']",['토니 길로이'],"['제레미 레너', '레이첼 와이즈', '에드워드 노튼', '조안 알렌', '알버트 피니']",15세이상관람가
이웃사람,한국,['스릴러'],['김휘'],"['김윤진', '마동석', '천호진', '김성균', '김새론', '임하룡', '장영남', '도지한', '차현우', '김동현', '한재훈', '박인규', '유재현']",청소년관람불가
다크 나이트 라이즈,미국,"['액션', '범죄', '스릴러']",['크리스토퍼 놀란'],"['크리스찬 베일', '게리 올드만', '앤 해서웨이', '톰 하디', '조셉 고든 레빗']",15세이상관람가
연가시,한국,"['공포(호러)', 'SF']",['박정우'],"['김명민', '강지원', '문정희', '김동완', '이하늬', '강신일', '최일화', '이행춘', '장형원', '정경임', '최동헌', '김상오', '최정수', '박유정', '황경호', '이민수', '이은채', '박종원', '박진영', '서병덕', '송광주', '신상열', '안용우', '이나연', '이동하', '이주원', '송영창', '조덕현', '최정우', '전국환']",15세이상관람가
어메이징 스파이더맨,미국,['액션'],['마크 웹'],"['앤드류 가필드', '엠마 스톤', '마틴 쉰', '샐리 필드']",12세이상관람가
후궁 : 제왕의 첩,한국,"['사극', '멜로/로맨스']",['김대승'],"['조여정', '김동욱', '김민준', '조은지', '박지영', '이경영', '박철민', '장지민', '전주병', '정일원', '홍수지', '신민철', '안석환', '오지혜', '이용녀', '박충선']",청소년관람불가
맨 인 블랙 3,미국,"['액션', '코미디', 'SF']",['배리 소넨필드'],"['윌 스미스', '켄 아놀드', '토미 리 존스', '조슈 브롤린', '제메인 클레멘트', '빌 헤이더', '알렉 볼드윈']",12세이상관람가
어벤져스,미국,"['액션', 'SF']",['조스 웨던'],"['로버트 다우니 주니어', '스칼렛 요한슨', '크리스 헴스워스', '크리스 에반스', '제레미 레너']",12세이상관람가
건축학개론,한국,"['멜로/로맨스', '드라마']",['이용주'],"['엄태웅', '한가인', '이제훈', '배수지', '고준희', '조정석', '박지은', '신민영', '신예진', '유연석', '조현철', '박진우', '김의성', '이승호']",12세이상관람가
배틀쉽,미국,"['SF', '액션']",['피터 버그'],"['리암 니슨', '테일러 키취', '알렉산더 스카스가드', '브룩클린 데커', '리한나']",12세이상관람가
화차,한국,['미스터리'],['변영주'],"['이선균', '김민희', '조성하', '송하윤', '차수연', '임남숙', '임순옥', '장대윤', '황남희', '박지은', '박지혜', '송성원', '오기민', '최덕문', '이희준', '진선규', '최일화', '김성태']",15세이상관람가
러브픽션,한국,"['멜로/로맨스', '코미디']",['전계수'],"['하정우', '공효진', '이병준', '지진희', '유인나', '최유화', '전수지', '장동찬', '정동철', '최재용', '최준용', '이원함', '박재한', '이규원', '이규희', '김재화', '차은재', '아용주', '박준면', '조희봉', '박영수', '서현우']",15세이상관람가
범죄와의 전쟁: 나쁜놈들 전성시대,한국,"['범죄', '드라마']",['윤종빈'],"['최민식', '하정우', '조진웅', '마동석', '곽도원', '김성균', '박성광', '이철민', '임자연', '임헌호', '권종현', '김민주', '박재현', '박태호', '신수정', '이강곤', '이낙준', '권율', '송영창', '박병은', '김홍파', '이희준', '유재명', '장준녕', '김종수', '오만석', '정재헌', '고규필', '이세랑', '박인수']",청소년관람불가
하울링,한국,"['범죄', '드라마']",['유하'],"['송강호', '이여진', '이나영', '박민규', '이태리', '임현성', '정진', '조은별', '주영민', '한민혁', '이승현', '이종혁', '박정률', '박진우', '신정근', '이민아', '조영진', '남보라']",15세이상관람가
댄싱퀸,한국,"['코미디', '드라마']",['이석훈'],"['황정민', '엄정화', '정성화', '오나라', '박정민', '박사랑', '임호걸', '정원영', '이정건', '안은정', '라미란', '송원석', '이대연', '이한위', '최우리', '천보근', '권병길', '조달환']",12세이상관람가
장화신은 고양이,미국,"['애니메이션', '어드벤처', '코미디', '판타지']",['크리스 밀러'],"['안토니오 반데라스', '셀마 헤이엑', '자크 갈리피아나키스']",전체관람가
미션임파서블:고스트프로토콜,미국,['액션'],['브래드 버드'],"['톰 크루즈', '제레미 레너']",15세이상관람가
오싹한 연애,한국,"['공포(호러)', '멜로/로맨스', '코미디']",['황인호'],"['손예진', '이민기', '신동훈', '김혜숙', '조아라', '박재우', '태리', '최우진', '이현진', '이미도', '송지인', '황승언']",12세이상관람가
브레이킹 던 part1,미국,"['드라마', '판타지', '멜로/로맨스']",['빌 콘돈'],"['로버트 패틴슨', '크리스틴 스튜어트']",15세이상관람가
완득이,한국,['드라마'],['이한'],"['김윤석', '유아인', '김효숙', '조병찬', '조세현', '신창수', '정한진', '강별', '박효주', '박종현', '박진아', '서대현', '서왕석', '김광섭', '차선영', '천영암', '최명경', '윤경호', '전승엽', '임정환', '오희준', '김신우', '이경숙', '이유나', '이태영', '김영재', '조덕제', '조상건', '안길강', '김상호', '리우진', '성유빈']",12세이상관람가
리얼 스틸,미국,"['액션', '드라마', 'SF']",['숀 레비'],['휴 잭맨'],12세이상관람가
도가니,한국,['드라마'],['황동혁'],"['정유미', '공유', '허재호', '송은정', '임현성', '최진호', '박진우', '박혜진', '이금용', '배정민', '김봉화', '최보람', '박사현', '전영미', '박선희', '최영수', '이순남', '박승원', '오하나', '이예나', '이차주', '김현수', '장소연', '장광', '전국환', '엄효섭', '남명렬']",청소년관람불가
최종병기 활,한국,"['사극', '액션']",['김한민'],"['박해일', '류승룡', '김무열', '문채원', '이한위', '김구택', '이경영', '박기웅', '이승준', '이재구', '박노식', '이다윗', '전민서', '오타니 료헤이', '강규영', '김홍수', '김길동', '최선미', '조우진', '이미소', '최태환', '박진주', '한성민', '김남수', '강은규', '김기덕', '이상도', '장재욱', '임미주', '박상희', '최유라', '이유비', '이항주', '이동훈', '문영동']",15세이상관람가
가문의 영광4 - 가문의 수난,한국,['코미디'],['정태원'],"['김수미', '신현준', '임형준', '정준하', '탁재훈', '현영', '허필봉', '정웅인', '박정호', '박정환', '한용환', '모상범', '임정빈', '여기한', '오석규', '이창세', '김지우', '김성주', '정만식', '김화섭']",15세이상관람가
7광구,한국,"['SF', '액션', '스릴러']",['김지훈'],"['하지원', '박철민', '김성태', '차예련', '이한위', '오지호', '송새벽', '안성기', '박원희', '김형석', '박정학', '배명호', '장동원', '정상용', '박영수', '오민석']",15세이상관람가
고지전,한국,"['드라마', '전쟁']",['장훈'],"['신하균', '고수', '이제훈', '류승수', '고창석', '이다윗', '류승룡', '김옥빈', '조진웅', '정인기', '강구현', '강내균', '송현석', '조민철', '조민호', '홍서백', '박영서', '박재철', '박종환', '박주용', '하성철', '조형우', '서수석', '김경일', '김상수', '최민', '윤민수', '임재현', '김준영', '김지수', '이주승', '최정우', '전국환', '김강일', '서현우']",15세이상관람가
해리포터와 죽음의 성물2,미국,"['판타지', '미스터리']",['데이빗 예이츠'],"['다니엘 래드클리프', '엠마 왓슨', '루퍼트 그린트']",전체관람가
트랜스포머 3,미국,"['액션', '어드벤처']",['마이클 베이'],"['조쉬 더하멜', '존 말코비치', '로지 헌팅턴-휘틀리', '샤이아 라보프', '패트릭 뎀시']",12세이상관람가
써니,한국,"['드라마', '코미디']",['강형철'],"['유호정', '심은경', '강소라', '고수희', '홍진희', '강지원', '김민영', '김선경', '진희경', '김보미', '이연경', '박진주', '남보라', '민효린', '윤미라', '조민수', '박윤정', '신윤정', '박영서', '김예원', '천우희', '박중훈', '최형태', '심소희', '최혜선', '전선희', '박혜성', '진승환', '김보름', '김도엽', '고은별', '이상은', '윤수진', '최선아', '박보영', '윤정', '임은채', '최아름', '류혜린', '최영호', '정은지', '이승훈', '이다슬', '한승현', '김새벽', '성지루', '정원중', '정석용', '김원해', '최명길', '이상아', '김영옥', '김보연', '선주아', '김시후', '김혜옥', '고준']",15세이상관람가
쿵푸팬더 2,미국,"['애니메이션', '액션', '어드벤처', '코미디', '가족']",['여인영'],"['더스틴 호프만', '잭 블랙', '안젤리나 졸리', '성룡']",전체관람가
캐리비안의 해적: 낯선 조류,미국,"['액션', '판타지']",['롭 마샬'],"['이안 맥쉐인', '페넬로페 크루즈', '조니 뎁']",12세이상관람가
위험한 상견례,한국,"['코미디', '멜로/로맨스']",['김진영'],"['송새벽', '이시영', '백윤식', '김수미', '박철민', '강동호', '손대구', '임종혁', '김효원', '김원석', '정웅인', '이연주', '박정민', '박주희', '정성화', '서용주', '김선영', '박민우', '정승혜', '이진규', '이진성', '오상훈', '양민석', '김준영', '이명숙', '이한위', '길해연', '박효주', '김정난']",12세이상관람가
분노의 질주: 언리미티드,미국,"['스릴러', '드라마', '범죄', '액션']",['저스틴 린'],"['드웨인 존슨', '폴 워커', '빈 디젤']",15세이상관람가
토르: 천둥의 신,미국,"['액션', '어드벤처', '판타지']",['케네스 브래너'],"['스텔란 스카스가드', '스튜어트 타운젠드', '나탈리 포트만', '크리스 헴스워스', '안소니 홉킨스']",12세이상관람가
킹스 스피치,영국,['드라마'],['톰 후퍼'],"['콜린 퍼스', '제프리 러쉬', '헬레나 본햄 카터']",12세이상관람가
월드 인베이젼,미국,"['SF', '액션']",['조나단 리브스만'],"['아론 에크하트', '미쉘 로드리게즈', '브리짓 모나핸']",12세이상관람가
블랙 스완,미국,"['드라마', '스릴러']",['대런 아로노프스키'],"['나탈리 포트만', '뱅상 카셀', '밀라 쿠니스']",청소년관람불가
아이들...,한국,"['범죄', '스릴러']",['이규만'],"['박용우', '류승룡', '성동일', '성지루', '김여진', '박병은', '주진모', '조덕제', '서영화', '이의수', '손광익', '임태환', '이상훈', '박현수', '이보라', '최동훈', '유지은', '이훈직', '정민', '정계순', '신현종', '장준녕', '이봉규', '전국환', '서주희', '라미란', '오동주', '박미현', '이재우', '양지웅']",15세이상관람가
조선명탐정 : 각시투구꽃의 비밀,한국,"['코미디', '액션']",['김석윤'],"['김명민', '김호연', '한지민', '오달수', '김영훈', '백성기', '지승현', '류현상', '김경화', '김탁호', '김윤섭', '김태훈', '최무성', '남성진', '우현', '이재용', '예수정']",12세이상관람가
글러브,한국,['드라마'],['강우석'],"['강신일', '김미경', '김혜성', '유선', '정재영', '조진웅', '장기범', '이현우', '김경호', '조찬형', '안창현', '한만진', '서혜진', '김선우', '최성필', '정진규', '김정우', '최은성', '이창수', '이해영', '전국환', '리우진', '오희준']",전체관람가
헬로우 고스트,한국,"['코미디', '드라마']",['김영탁'],"['차태현', '강예원', '이문수', '고창석', '장영남', '천보근', '신성일', '이창수', '라미란', '이한위', '조덕제', '박길수', '안길강']",12세이상관람가
라스트 갓파더,한국,['코미디'],['심형래'],"['심형래', '마이클 리스폴리', '하비 케이틀', '제이슨 미웨스', '조셀린 도나휴', '안소희']",12세이상관람가
황해,한국,"['스릴러', '액션', '범죄']",['나홍진'],"['김윤석', '하정우', '조성하', '이철민', '박윤호', '김기석', '박재홍', '안서현', '박창수', '노남석', '김기환', '백승철', '진명', '김봉주', '고해성', '장윤영', '권귀덕', '강민규', '임만규', '정명식', '임재민', '김재화', '김윤정', '박병은', '조재윤', '이엘', '이영수', '장소연', '이희준', '송원종', '정대용', '황석정', '유하복', '최욱', '손강국', '정만식', '공정환', '이유미']",청소년관람불가
해리 포터와 죽음의 성물1,미국,"['미스터리', '판타지']",['데이빗 예이츠'],"['다니엘 래드클리프', '엠마 왓슨', '루퍼트 그린트']",전체관람가
쩨쩨한 로맨스,한국,"['코미디', '멜로/로맨스']",['김정훈'],"['이선균', '최강희', '류현경', '오정세', '석정현', '조성환', '송유하', '최현숙', '추연규', '류지혜', '정구영', '박성일', '이원종', '최희진', '신동환', '조은지']",청소년관람불가
스카이 라인,미국,"['액션', '스릴러', 'SF']","['콜린 스트로즈', '그렉 스트로즈']","['에릭 벌포', '스카티 톰슨', '토니 블랙', '브리타니 다니엘', '크리스탈 리드', '닐 홉킨스', '데이빗 제야스']",12세이상관람가
부당거래,한국,"['범죄', '드라마']",['류승완'],"['황정민', '김승훈', '류승범', '유해진', '천호진', '마동석', '김원범', '최정현', '황병국', '조준현', '조철현', '박형준', '한동욱', '한상욱', '한성희', '류수경', '한재덕', '강유미', '서지영', '박광호', '박미숙', '박민정', '박민정', '박민정', '전봉수', '전진영', '박세준', '임정언', '권성현', '최우성', '온세웅', '연영식', '오상진', '김종민', '이춘연', '이유빈', '백승익', '오승현', '이채은', '이미도', '이희준', '오정세', '안길강', '김수현', '조영진', '정만식', '차은재']",청소년관람불가
초능력자,한국,"['SF', '드라마']",['김민석'],"['강동원', '김한나', '고수', '정은채', '윤다경', '최덕문', '김수남', '허명행', '강민서', '홍대성', '홍대성', '최장훈', '김윤하', '김한수', '황상길', '문용찬', '이미경', '채성원', '유동헌', '전상하', '윤정빈', '박아람', '오정택', '최윤석', '김대현', '김지원', '이형훈', '조덕제', '류아벨', '변희봉', '김광규', '김인권', '김소진', '이세랑']",15세이상관람가
심야의 F.M.,한국,"['스릴러', '범죄']",['김상만'],"['수애', '유지태', '정혜영', '김동협', '제정훈', '조영천', '김유화', '신다은', '송지인', '최다연', '정유미', '최용준', '김수홍', '김윤태', '정만식', '김규선']",청소년관람불가
시라노; 연애조작단,한국,"['멜로/로맨스', '코미디']",['김현석'],"['엄태웅', '이민정', '최다니엘', '박신혜', '박철민', '전아민', '송새벽', '류현경', '김유경', '박은성', '조재형', '송다은', '한대룡', '서대현', '김대인', '김상렬', '이병규', '유일한', '이미도', '이미소', '김지영', '이대연', '권해효']",12세이상관람가
아저씨,한국,"['액션', '드라마']",['이정범'],"['원빈', '김새론', '김희원', '김성오', '김태훈', '김호연', '류성훈', '김효민', '김효서', '신동민', '홍석준', '조영아', '홍의정', '이재원', '조용현', '박준우', '최현아', '황재순', '박혜리', '박호진', '홍소희', '노승우', '임효우', '이건문', '백현익', '서정주', '김도형', '민소연', '이상하', '박병렬', '장민주', '장준호', '박성택', '오정식', '정도원', '김창민', '양종현', '서민경', '김지민', '남경읍', '송영창', '이종필', '조재윤', '장준녕']",청소년관람불가
무적자,한국,"['드라마', '액션']",['송해성'],"['주진모', '송승헌', '김강우', '조한선', '최재원', '홍의정', '이신성', '임형준', '신창수', '박현', '한상현', '류근형', '이소희', '김재형', '김철준', '양은혜', '서태화', '박진우', '김해곤', '이기혁']",15세이상관람가
해결사,한국,"['액션', '스릴러']",['권혁재'],"['이영수', '설경구', '이정진', '오달수', '주진모', '문정희', '송새벽', '김형주', '황병국', '서동필', '김재민', '박연정', '김정팔', '이영훈', '이준규', '이재인', '이종석', '박진우', '이무생', '조영진']",15세이상관람가
인셉션,미국,"['드라마', '미스터리']",['크리스토퍼 놀란'],"['레오나르도 디카프리오', '엘렌 페이지', '마리옹 꼬띠아르']",12세이상관람가
이끼,한국,"['드라마', '스릴러']",['강우석'],"['정재영', '박해일', '유준상', '유선', '허준호', '유해진', '김상호', '김태한', '강신일', '이철민', '박정재', '유준상', '최근현', '윤아름', '오순태', '김철현', '장준녕']",청소년관람불가
슈렉 포에버,미국,"['애니메이션', '코미디', '가족']",['마이크 미첼'],"['마이크 마이어스', '카메론 디아즈', '에디 머피', '안토니오 반데라스', '장광', '김옥경', '이인성', '이봉준']",전체관람가
이클립스,미국,"['판타지', '멜로/로맨스', '스릴러']",['데이빗 슬레이드'],"['크리스틴 스튜어트', '로버트 패틴슨', '테일러 로트너']",12세이상관람가
포화속으로,한국,"['드라마', '전쟁']",['이재한'],"['차승원', '권상우', '최승현', '김승우', '김혜성', '신현탁', '문재원', '김득겸', '신경선', '추종범', '홍성진', '신성현', '김윤성', '장문석', '김한준', '황승현', '김동윤', '김동범', '서승택', '김경주', '김대연', '김규호', '채호병', '김태환', '유승현', '유영준', '최민석', '유한솔', '윤승훈', '장현근', '이성문', '정경일', '윤진태', '이세진', '정재훈', '정준혁', '김정섭', '김수형', '김승환', '이경현', '이현종', '고은총', '이동훈', '박진희', '데이비드 맥기니스', '남태부', '강필선', '진용욱', '김호원', '황유현', '염혜란']",12세이상관람가
방자전,한국,"['사극', '코미디', '멜로/로맨스']",['김대우'],"['김주혁', '류승범', '조여정', '류현경', '오달수', '송새벽', '오정세', '공형진', '김성령', '최무성', '김선영', '김민교', '조창현', '안정희', '박은혜', '조명행', '전세하', '김형석', '박영미', '문원주', '류현상', '송슬기', '박대희', '유은아', '정다혜', '윤주영', '최성일', '김탁호', '이진운', '양시은', '송지인']",청소년관람불가
페르시아의 왕자: 시간의 모래,미국,"['액션', '어드벤처', '판타지']",['마이크 뉴웰'],"['제이크 질렌할', '젬마 아터튼', '벤 킹슬리']",12세이상관람가
하녀,한국,"['스릴러', '멜로/로맨스']",['임상수'],"['전도연', '이정재', '윤여정', '서우', '박지영', '안서현', '황정민', '문소리', '신재민', '박지선', '박지선', '김지선', '전신환']",청소년관람불가
아이언맨 2,미국,"['SF', '액션', '어드벤처']",['존 파브로'],"['로버트 다우니 주니어', '기네스 팰트로우', '돈 치들', '스칼렛 요한슨', '미키 루크']",12세이상관람가
베스트셀러,한국,"['미스터리', '스릴러', '드라마']",['이정호'],"['엄정화', '류승룡', '이도경', '김화영', '조상원', '남동협', '박혁', '주명훈', '강정식', '김대영', '이연', '이준호', '박사랑', '김홍파', '최무성', '조진웅', '이성민', '오정세', '이용녀', '조희봉', '서이숙', '김종대']",15세이상관람가
타이탄,미국,"['액션', '어드벤처', '판타지']",['루이스 리테리어'],"['랄프 파인즈', '샘 워싱턴', '리암 니슨', '알렉사 다바로스', '젬마 아터튼']",12세이상관람가
육혈포 강도단,한국,"['코미디', '드라마', '액션']",['강효진'],"['나문희', '김수미', '김혜옥', '임창정', '김희원', '김광규', '강경헌', '성소원', '김민태', '박영희', '함성원', '김기환', '강선미', '강선미', '서성종', '김규동', '최동헌', '유영채', '윤미영', '이채은', '라미란', '장원영', '남문철', '서승원', '이세랑']",15세이상관람가
이상한 나라의 앨리스,미국,"['판타지', '어드벤처', '가족']",['팀 버튼'],"['조니 뎁', '앤 해서웨이', '헬레나 본햄 카터', '크리스핀 글로버', '미아 와시코브스카', '마튼 초카스']",전체관람가
의형제,한국,"['드라마', '액션']",['장훈'],"['송강호', '강동원', '전국환', '박혁권', '윤희석', '최정우', '정인기', '설진욱', '강명희', '홍서백', '박용진', '김의용', '황순욱', '황인준', '박현수', '김남희', '김태환', '박민우', '임세환', '최윤서', '김진용', '주부진', '이현지', '백승익', '차엽', '박진우', '김광규', '고창석', '배용근', '유하복']",15세이상관람가
뉴 문,미국,"['판타지', '드라마', '멜로/로맨스']",['크리스 웨이츠'],"['로버트 패틴슨', '크리스틴 스튜어트']",12세이상관람가
2012,미국,"['SF', '액션', '어드벤처']",['롤랜드 에머리히'],"['존 쿠삭', '아만다 피트', '올리버 플랫', '탠디 뉴튼', '치웨텔 에지오포']",12세이상관람가
굿모닝 프레지던트,한국,"['코미디', '드라마']",['장진'],"['한동학', '장동건', '이순재', '고두심', '한채영', '허정규', '송기관', '송영규', '박일', '최지나', '김현동', '서정민', '김광현', '유승희', '윤동현', '전유진', '이은영', '김재호', '최은영', '김용숙', '박희건', '임하룡', '조덕현', '장영남', '이철민', '김원해', '이한위', '이해영', '전국환', '김인우']",전체관람가
디스트릭트 9,미국,"['SF', '액션', '스릴러', '드라마', '코미디']",['닐 블롬캠프'],"['샬토 코플리', '제이슨 코프']",청소년관람불가
내 사랑 내 곁에,한국,"['드라마', '멜로/로맨스']",['박진표'],"['하지원', '김명민', '남능미', '임하룡', '최종률', '신신애', '임종윤', '임형준', '임성민', '가인', '장원영', '김여진', '김광규', '정의철', '김혜림', '임훈', '유지연', '유승목', '신치영', '김영필', '강신일', '송영창', '설경구', '박현영']",12세이상관람가
애자,한국,"['드라마', '코미디']",['정기훈'],"['김성태', '최강희', '김영애', '소주영', '허서영', '박용제', '박윤남', '박인혁', '김시운', '최효준', '황은정', '김C', '김봉기', '정화영', '전정원', '이주호', '김C', '장영남', '신정근', '정혜선', '최일화', '이세랑']",15세이상관람가
국가대표,한국,"['드라마', '액션', '코미디']",['김용화'],"['하정우', '성동일', '김지석', '김동욱', '최재환', '이재응', '이은성', '이한위', '이혜숙', '김지영', '쥬니', '황하나', '조재윤', '심영', '천주영', '도승휘', '전성빈', '오광록', '김수로', '조진웅', '김용건', '김성주', '이금희', '박정수', '손범수', '이세랑']",12세이상관람가
해운대,한국,"['액션', '드라마', '어드벤처']",['윤제균'],"['설경구', '하지원', '박중훈', '엄정화', '이민기', '강대규', '김원영', '김유빈', '신정원', '성유경', '박재홍', '황인준', '나승현', '김인호', '근휘', '김재경', '장원준', '임동우', '김정곤', '정종원', '이지애', '이태영', '최재섭', '장명갑', '지대한', '천보근', '박영수']",12세이상관람가
해리 포터와 혼혈 왕자,미국,"['어드벤처', '액션', '가족']",['데이빗 예이츠'],"['다니엘 래드클리프', '엠마 왓슨', '루퍼트 그린트']",전체관람가
트랜스포머: 패자의 역습,미국,"['SF', '액션', '어드벤처']",['마이클 베이'],"['샤이아 라보프', '메간 폭스']",12세이상관람가
거북이 달린다,한국,"['드라마', '액션', '범죄']",['이연우'],"['김윤석', '정경호', '견미리', '선우선', '서동수', '이효권', '최수현', '양현석', '김종근', '김준희', '최권', '라미란', '신정근', '이무생', '조덕제', '유하복', '차은재', '김희원', '박선준']",15세이상관람가
박물관이 살아있다 2,미국,"['어드벤처', '코미디', '액션']",['숀 레비'],"['벤 스틸러', '에이미 아담스', '로빈 윌리엄스', '행크 아자리아', '오웬 윌슨']",전체관람가
마더,한국,['드라마'],['봉준호'],"['김혜자', '원빈', '진구', '윤제문', '최재원', '전미선', '송새벽', '천우희', '정영기', '이미도', '유인수', '박태준', '오원식', '이옥주', '김홍집', '윤혜진', '임성미', '임근아', '김태환', '황영희', '한지희', '남성호', '권병길', '고규필']",청소년관람불가
터미네이터 : 미래전쟁의 시작,미국,"['SF', '액션']",['맥지'],"['크리스찬 베일', '샘 워싱턴', '문 블러드굿', '안톤 옐친']",15세이상관람가
천사와 악마,미국,"['미스터리', '범죄', '스릴러']",['론 하워드'],"['톰 행크스', '이완 맥그리거']",15세이상관람가
7급 공무원,한국,"['코미디', '액션', '드라마', '범죄']",['신태라'],"['김하늘', '강지환', '유승목', '강규영', '김민국', '강신일', '장남열', '심은혜', '박지영', '나귀화', '서정주', '천성일', '민홍남', '이상욱', '박병렬', '정경민', '이수지', '임성현', '김재훈', '김철남', '이가현', '서민경', '이정선', '김은주', '손호승', '김형범', '장영남', '리우진']",12세이상관람가
박쥐,한국,"['공포(호러)', '드라마']",['박찬욱'],"['송강호', '김옥빈', '신하균', '김해숙', '송영창', '오달수', '박인환', '라미란', '손종학', '서동수', '황우슬혜', '조덕제', '최희진', '최종률']",청소년관람불가
노잉,미국,"['SF', '액션', '미스터리', '드라마']",['알렉스 프로야스'],"['니콜라스 케이지', '로즈 번', '챈들러 캔터베리']",12세이상관람가
그림자 살인,한국,"['미스터리', '스릴러', '사극', '범죄']",['박대민'],"['송요셉', '황정민', '류덕환', '오달수', '엄지원', '홍서백', '홍의정', '홍의정', '신창수', '김동길', '김경숙', '우승연', '최광락', '정상수', '김춘식', '최유리', '이신우', '이경태', '김요섭', '이정홍', '박진우', '오태경', '유승목', '서동수', '조영진', '엄효섭', '최종률', '윤제문', '고준', '이세랑']",15세이상관람가
슬럼독 밀리어네어,영국,"['드라마', '멜로/로맨스', '범죄']",['대니 보일'],"['데브 파텔', '프리다 핀토']",15세이상관람가
푸시,미국,"['SF', '스릴러', '드라마']",['폴 맥기건'],"['크리스 에반스', '다코타 패닝', '카밀라 벨']",15세이상관람가
슬픔보다 더 슬픈 이야기,한국,"['멜로/로맨스', '드라마']",['원태연'],"['권상우', '이보영', '이범수', '손현수', '김흥국', '최종학', '박정아', '박정환', '조은란', '김민형', '박호진', '김경선', '윤석원', '박미애', '박선영', '정윤미', '정종우', '이승철', '양혜원', '이하진', '이형민', '신현탁', '이한위', '지대한']",15세이상관람가
워낭소리,한국,['다큐멘터리'],['이충렬'],"['최원균', '이삼순', '최종만', '최종민', '김민자']",전체관람가
벤자민 버튼의 시간은 거꾸로 간다,미국,"['드라마', '판타지']",['데이빗 핀처'],"['브래드 피트', '케이트 블란쳇']",12세이상관람가
마린보이,한국,"['액션', '스릴러', '범죄']",['윤종석'],"['김강우', '조재현', '박시연', '강병철', '김호성', '신상열', '홍의정', '김준원', '신창수', '신현규', '안재정', '원동연', '김성규', '정광진', '박상욱', '김철준', '이정범', '이주현', '오대환', '박병은', '조재윤', '이원종', '김태한', '최정우', '엄효섭']",15세이상관람가
적벽대전 2 : 최후의 결전,중국,"['액션', '전쟁', '드라마', '사극']",['오우삼'],"['금성무', '양조위', '조미', '장풍의', '장첸']",15세이상관람가
쌍화점,한국,['드라마'],['유하'],"['조인성', '주진모', '송지효', '심지호', '임주환', '여욱환', '송중기', '노민우', '조강현', '김기방', '홍종현', '김기석', '현우', '박종수', '김효주', '조상민', '박지민', '백승호', '한지원', '서영주', '유정연', '박재연', '박상민', '정광민', '김세정', '김세희', '김태수', '정우진', '박선영', '최승희', '정성일', '이승구', '김수지', '이진아', '이주훈', '서영주', '손종학', '조진웅', '박성훈', '이세랑']",청소년관람불가
